{
  "method": "mc_random_search",
  "instance": "instance_50jobs_5machines",
  "params": {
    "K": 5000,
    "seed": 0,
    "alpha": 1.0,
    "beta": 0.2,
    "gamma": 0.0
  },
  "best_metrics": {
    "Cmax": 98.0,
    "sumT": 83.80027928101104,
    "sumWT": 0.0,
    "score": 114.76005585620221
  },
  "best_solution": [
    [
      7,
      27,
      14,
      44,
      49,
      21,
      30,
      15,
      24,
      48,
      23
    ],
    [
      0,
      6,
      35,
      9,
      43,
      34,
      25,
      3,
      26,
      31
    ],
    [
      40,
      4,
      47,
      10,
      41,
      45,
      16,
      2,
      11
    ],
    [
      28,
      38,
      5,
      33,
      39,
      22,
      42,
      18,
      17,
      8,
      1
    ],
    [
      46,
      12,
      32,
      36,
      19,
      13,
      29,
      20,
      37
    ]
  ]
}